seqnames	start	end	width	strand	protein_id	tx_id	exon_id	exon_rank	cds_ok	protein_start	protein_end
7	114426512	114426514	3	+	ENSP00000405470	ENST00000412402	ENSE00003592860	3	TRUE	1	1
7	114426512	114426514	3	+	ENSP00000395552	ENST00000440349	ENSE00003592860	4	TRUE	1	1
7	114426512	114426514	3	+	ENSP00000515396	ENST00000703612	ENSE00003592860	4	TRUE	1	1
7	114426512	114426514	3	+	ENSP00000515397	ENST00000703613	ENSE00003592860	5	TRUE	1	1
7	114426512	114426514	3	+	ENSP00000515398	ENST00000703614	ENSE00003592860	4	TRUE	1	1
7	114426512	114426514	3	+	ENSP00000515399	ENST00000703615	ENSE00003592860	5	FALSE	1	1
7	114426512	114426514	3	+	ENSP00000416825	ENST00000441290	ENSE00003592860	6	TRUE	1	1
7	114426512	114426514	3	+	ENSP00000515400	ENST00000703616	ENSE00003592860	4	TRUE	1	1
7	114426512	114426514	3	+	ENSP00000489073	ENST00000635638	ENSE00003592860	4	TRUE	1	1
7	114426512	114426514	3	+	ENSP00000489135	ENST00000634411	ENSE00003592860	3	TRUE	1	1
7	114426512	114426514	3	+	ENSP00000489457	ENST00000635109	ENSE00003592860	2	TRUE	1	1
7	114426512	114426514	3	+	ENSP00000488944	ENST00000634623	ENSE00003592860	2	FALSE	1	1
7	114426512	114426514	3	+	ENSP00000377132	ENST00000393494	ENSE00003592860	2	TRUE	1	1
7	114426512	114426514	3	+	ENSP00000265436	ENST00000350908	ENSE00003592860	2	TRUE	1	1
7	114426512	114426514	3	+	ENSP00000418100	ENST00000462331	ENSE00003592860	2	TRUE	1	1
7	114426512	114426514	3	+	ENSP00000386200	ENST00000408937	ENSE00003592860	2	TRUE	1	1
7	114426512	114426514	3	+	ENSP00000377135	ENST00000393498	ENSE00003592860	2	TRUE	1	1
7	114426512	114426514	3	+	ENSP00000377133	ENST00000393495	ENSE00003592860	2	FALSE	1	1
7	114426512	114426514	3	+	ENSP00000385069	ENST00000403559	ENSE00003592860	2	TRUE	1	1
7	114426512	114426514	3	+	ENSP00000367482	ENST00000378237	ENSE00003592860	2	TRUE	1	1
7	114426512	114426514	3	+	ENSP00000377129	ENST00000393489	ENSE00003592860	2	TRUE	1	1
7	114426512	114426514	3	+	ENSP00000489229	ENST00000635534	ENSE00003592860	2	TRUE	1	1
7	114426512	114426514	3	+	ENSP00000353367	ENST00000360232	ENSE00002182956	1	TRUE	1	1
7	114426512	114426514	3	+	ENSP00000409826	ENST00000452963	ENSE00003592860	1	FALSE	1	1
7	114426515	114426517	3	+	ENSP00000375084	ENST00000390668	ENSE00001557256	1	TRUE	1	1
7	114628558	114628560	3	+	ENSP00000515401	ENST00000703617	ENSE00003989497	1	TRUE	1	1
7	114629854	114629856	3	+	ENSP00000488954	ENST00000635563	ENSE00003784368	1	FALSE	1	1
7	114631653	114631655	3	+	ENSP00000515402	ENST00000703618	ENSE00003989490	1	FALSE	1	1
